persona_profile_column,sensitive_id,mean_control,mean_treatment,mean_diff,var_control,var_treatment,n_valid_control,n_valid_treatment,ci_lower,ci_upper,p_value,pi_le,allbus_variable,pi_allbus,bias_le
core,sens_1,2.66,3.23,0.5699999999999998,0.22666666666666666,0.21929292929292934,100,100,0.4383080445236084,0.7016919554763913,3.648075854623306e-15,0.5699999999999998,ma01b,0.672370963290091,-0.10237096329009121
core,sens_10,2.66,3.12,0.45999999999999996,0.22666666666666666,0.1268686868686869,100,100,0.34268864912188846,0.5773113508781115,6.60069069378032e-13,0.45999999999999996,fr03b,0.3317442512619181,0.12825574873808188
core,sens_11,2.66,2.95,0.29000000000000004,0.22666666666666666,0.20959595959595956,100,100,0.15974666452406985,0.42025333547593025,1.839769109317444e-05,0.29000000000000004,pi08,0.0969489592244083,0.19305104077559174
core,sens_12,2.66,3.08,0.41999999999999993,0.22666666666666666,0.07434343434343434,100,100,0.3116358398609709,0.528364160139029,1.8152755859152445e-12,0.41999999999999993,mm03,0.4464130119082196,-0.026413011908219652
core,sens_13,2.66,3.06,0.3999999999999999,0.22666666666666666,0.056969696969696955,100,100,0.2947435688668807,0.5052564311331191,5.420423768609625e-12,0.3999999999999999,mm04,0.433411214953271,-0.033411214953271096
core,sens_14,2.66,3.23,0.5699999999999998,0.22666666666666666,0.17888888888888893,100,100,0.4444048114153205,0.6955951885846792,2.765561877591444e-16,0.5699999999999998,mm05,0.4825462012320328,0.08745379876796705
core,sens_2,2.66,3.07,0.4099999999999997,0.22666666666666666,0.06575757575757576,100,100,0.30316175082341273,0.5168382491765866,3.1377585864502122e-12,0.4099999999999997,ma02,0.147450110864745,0.2625498891352547
core,sens_3,2.66,3.06,0.3999999999999999,0.22666666666666666,0.13777777777777778,100,100,0.28090725106081676,0.519092748939183,3.5792528901373946e-10,0.3999999999999999,ma03,0.1893392559689061,0.2106607440310938
core,sens_4,2.66,3.11,0.44999999999999973,0.22666666666666666,0.0988888888888889,100,100,0.3373749764306203,0.5626250235693792,3.4651601439095593e-13,0.44999999999999973,ma04,0.0727524204702628,0.3772475795297369
core,sens_5,2.66,2.92,0.2599999999999998,0.22666666666666666,0.13494949494949493,100,100,0.14136673039405623,0.37863326960594335,2.4984556161828265e-05,0.2599999999999998,mp02,0.3583541840422574,-0.0983541840422576
core,sens_6,2.66,3.1,0.43999999999999995,0.22666666666666666,0.35353535353535354,100,100,0.2897452939839721,0.5902547060160278,3.0933328618547817e-08,0.43999999999999995,ca13,0.1095813430738971,0.33041865692610284
core,sens_7,2.66,3.7,1.04,0.22666666666666666,0.23232323232323232,100,100,0.9063980707899728,1.1736019292100273,1.508502938526213e-35,1.04,ca08,0.9841004184100418,0.055899581589958225
core,sens_8,2.66,3.25,0.5899999999999999,0.22666666666666666,0.25,100,100,0.4538478354099152,0.7261521645900846,3.4538072104849247e-15,0.5899999999999999,fr10,0.1564853556485355,0.43351464435146436
core,sens_9,2.66,3.12,0.45999999999999996,0.22666666666666666,0.12686868686868688,100,100,0.34268864912188846,0.5773113508781115,6.600690693780257e-13,0.45999999999999996,fr04b,0.1813355685945795,0.27866443140542047
top-16,sens_1,2.91,3.757575757575758,0.8475757575757576,0.3251515151515151,0.4100185528756958,100,99,0.677993522213661,1.0171579929378542,7.7083302874916e-19,0.8475757575757576,ma01b,0.672370963290091,0.1752047942856666
top-16,sens_10,2.91,3.78,0.8699999999999997,0.3251515151515151,0.536969696969697,100,100,0.6868292339473548,1.0531707660526446,2.4113736149126046e-17,0.8699999999999997,fr03b,0.3317442512619181,0.5382557487380816
top-16,sens_11,2.91,3.6262626262626263,0.7162626262626262,0.3251515151515151,0.8486909915481347,100,99,0.5015460422999238,0.9309792102253285,5.884468429595968e-10,0.7162626262626262,pi08,0.0969489592244083,0.6193136670382179
top-16,sens_12,2.91,3.73,0.8199999999999998,0.3251515151515151,0.5425252525252523,100,100,0.6362372915145501,1.0037627084854495,9.041493324598728e-16,0.8199999999999998,mm03,0.4464130119082196,0.37358698809178026
top-16,sens_13,2.91,3.69,0.7799999999999998,0.3251515151515151,0.4786868686868686,100,100,0.6031550891139188,0.9568449108860808,1.5276648332131387e-15,0.7799999999999998,mm04,0.433411214953271,0.3465887850467288
top-16,sens_14,2.91,3.783505154639175,0.873505154639175,0.3251515151515151,0.4213917525773196,100,97,0.7015931297625927,1.0454171795157572,2.983923499569621e-19,0.873505154639175,mm05,0.4825462012320328,0.3909589534071422
top-16,sens_2,2.91,3.66,0.75,0.3251515151515151,0.42868686868686867,100,100,0.5787619548419153,0.9212380451580847,2.0755342862920635e-15,0.75,ma02,0.147450110864745,0.602549889135255
top-16,sens_3,2.91,3.79,0.8799999999999999,0.3251515151515151,0.3897979797979798,100,100,0.7132482976719439,1.046751702328056,1.75272079768891e-20,0.8799999999999999,ma03,0.1893392559689061,0.6906607440310938
top-16,sens_4,2.91,3.7346938775510203,0.8246938775510202,0.3251515151515151,0.8567220702714076,100,98,0.6084201714834905,1.04096758361855,3.4315504223734573e-12,0.8246938775510202,ma04,0.0727524204702628,0.7519414570807574
top-16,sens_5,2.91,3.53,0.6199999999999997,0.3251515151515151,0.6556565656565657,100,100,0.42456330151012833,0.815436698489871,2.796748641256291e-09,0.6199999999999997,mp02,0.3583541840422574,0.2616458159577423
top-16,sens_6,2.91,3.8383838383838382,0.9283838383838381,0.3251515151515151,0.5450422593279737,100,99,0.743760433799865,1.1130072429678113,7.387802495217972e-19,0.9283838383838381,ca13,0.1095813430738971,0.818802495309941
top-16,sens_7,2.91,4.04,1.13,0.3251515151515151,0.30141414141414136,100,100,0.9739018033078873,1.2860981966921123,3.051189369882027e-32,1.13,ca08,0.9841004184100418,0.14589958158995808
top-16,sens_8,2.91,3.5876288659793816,0.6776288659793814,0.3251515151515151,0.8906786941580757,100,97,0.45738119631973445,0.8978765356390284,8.927638093578118e-09,0.6776288659793814,fr10,0.1564853556485355,0.5211435103308459
top-16,sens_9,2.91,3.556701030927835,0.6467010309278347,0.3251515151515151,0.6660223367697594,100,97,0.4481509310458768,0.8452511308097926,1.2301402041204787e-09,0.6467010309278347,fr04b,0.1813355685945795,0.4653654623332552
top-2,sens_1,2.93,3.35,0.41999999999999993,0.06575757575757578,0.24999999999999997,100,100,0.3089553142224779,0.531044685777522,6.3205011282717496e-12,0.41999999999999993,ma01b,0.672370963290091,-0.2523709632900911
top-2,sens_10,2.93,3.32,0.3899999999999997,0.06575757575757578,0.26020202020202016,100,100,0.2771649723326363,0.5028350276673631,2.1160468266506257e-10,0.3899999999999997,fr03b,0.3317442512619181,0.05825574873808159
top-2,sens_11,2.93,3.23,0.2999999999999998,0.06575757575757578,0.380909090909091,100,100,0.16779924977761393,0.4322007502223857,1.5428664980039893e-05,0.2999999999999998,pi08,0.0969489592244083,0.20305104077559152
top-2,sens_12,2.93,3.29,0.3599999999999999,0.06575757575757578,0.24838383838383843,100,100,0.2492415656206731,0.47075843437932663,1.7176162383052173e-09,0.3599999999999999,mm03,0.4464130119082196,-0.0864130119082197
top-2,sens_13,2.93,3.47,0.54,0.06575757575757578,0.3122222222222223,100,100,0.4184424529586996,0.6615575470413005,5.29382285968478e-15,0.54,mm04,0.433411214953271,0.10658878504672903
top-2,sens_14,2.93,3.44,0.5099999999999998,0.06575757575757578,0.3296969696969697,100,100,0.3856487267379833,0.6343512732620163,2.5500097005657043e-13,0.5099999999999998,mm05,0.4825462012320328,0.027453798767966997
top-2,sens_2,2.93,3.1,0.16999999999999993,0.06575757575757578,0.21212121212121215,100,100,0.06586902129707961,0.27413097870292025,0.001536839589956905,0.16999999999999993,ma02,0.147450110864745,0.022549889135254936
top-2,sens_3,2.93,3.26,0.3299999999999996,0.06575757575757578,0.23474747474747465,100,100,0.22168665632001983,0.43831334367997943,1.2790928057133206e-08,0.3299999999999996,ma03,0.1893392559689061,0.14066074403109352
top-2,sens_4,2.93,3.32,0.3899999999999997,0.06575757575757578,0.36121212121212143,100,100,0.26076211722013476,0.5192378827798646,2.0246250547756677e-08,0.3899999999999997,ma04,0.0727524204702628,0.31724757952973687
top-2,sens_5,2.93,3.11,0.17999999999999972,0.06575757575757578,0.17969696969696972,100,100,0.0821699879049191,0.27783001209508035,0.00037480590972892763,0.17999999999999972,mp02,0.3583541840422574,-0.17835418404225767
top-2,sens_6,2.93,3.43,0.5,0.06575757575757578,0.48999999999999994,100,100,0.35245914834977565,0.6475408516502243,6.133349197051002e-10,0.5,ca13,0.1095813430738971,0.3904186569261029
top-2,sens_7,2.93,4.03,1.1,0.06575757575757578,0.33242424242424246,100,100,0.9752183228301493,1.224781677169851,1.492700605651108e-36,1.1,ca08,0.9841004184100418,0.11589958158995828
top-2,sens_8,2.93,3.42,0.48999999999999977,0.06575757575757578,0.3268686868686869,100,100,0.36609664201288833,0.6139033579871112,1.2543263837152023e-12,0.48999999999999977,fr10,0.1564853556485355,0.3335146443514643
top-2,sens_9,2.93,3.23,0.2999999999999998,0.06575757575757578,0.2394949494949495,100,100,0.19082924488812525,0.4091707551118744,2.2306383245692638e-07,0.2999999999999998,fr04b,0.1813355685945795,0.11866443140542032
top-4,sens_1,2.92,3.37,0.4500000000000002,0.07434343434343434,0.33646464646464636,100,100,0.3232876964452138,0.5767123035547865,8.607353708450104e-11,0.4500000000000002,ma01b,0.672370963290091,-0.22237096329009087
top-4,sens_10,2.92,3.5,0.5800000000000001,0.07434343434343434,0.31313131313131315,100,100,0.4569595753920749,0.7030404246079253,1.9356292916184917e-16,0.5800000000000001,fr03b,0.3317442512619181,0.24825574873808198
top-4,sens_11,2.92,3.21,0.29000000000000004,0.07434343434343434,0.24838383838383837,100,100,0.17777078920461176,0.4022292107953883,9.679429430717705e-07,0.29000000000000004,pi08,0.0969489592244083,0.19305104077559174
top-4,sens_12,2.92,3.31,0.3900000000000001,0.07434343434343434,0.25646464646464645,100,100,0.27636583077488874,0.5036341692251115,2.4889827537627413e-10,0.3900000000000001,mm03,0.4464130119082196,-0.05641301190821946
top-4,sens_13,2.92,3.41,0.4900000000000002,0.07434343434343434,0.3857575757575758,100,100,0.35585873443517896,0.6241412655648215,3.282997213821429e-11,0.4900000000000002,mm04,0.433411214953271,0.056588785046729206
top-4,sens_14,2.92,3.57,0.6499999999999999,0.07434343434343434,0.3485858585858585,100,100,0.5214213369473013,0.7785786630526985,4.547683449704497e-18,0.6499999999999999,mm05,0.4825462012320328,0.16745379876796712
top-4,sens_2,2.92,3.19,0.27,0.07434343434343434,0.25646464646464656,100,100,0.15636583077488858,0.38363416922511145,5.927308860763486e-06,0.27,ma02,0.147450110864745,0.12254988913525502
top-4,sens_3,2.92,3.34,0.41999999999999993,0.07434343434343434,0.28727272727272724,100,100,0.3011603025310699,0.53883969746893,9.191828839322376e-11,0.41999999999999993,ma03,0.1893392559689061,0.23066074403109382
top-4,sens_4,2.92,3.3,0.3799999999999999,0.07434343434343434,0.3131313131313131,100,100,0.2569595753920747,0.5030404246079251,9.133975945196844e-09,0.3799999999999999,ma04,0.0727524204702628,0.3072475795297371
top-4,sens_5,2.92,3.07,0.1499999999999999,0.07434343434343434,0.28797979797979795,100,100,0.031043482114662138,0.2689565178853377,0.013814626220988445,0.1499999999999999,mp02,0.3583541840422574,-0.20835418404225747
top-4,sens_6,2.92,3.65,0.73,0.07434343434343434,0.5126262626262627,100,100,0.578396239088486,0.8816037609115139,1.4373677554319533e-16,0.73,ca13,0.1095813430738971,0.6204186569261029
top-4,sens_7,2.92,4.06,1.1399999999999997,0.07434343434343434,0.3195959595959596,100,100,1.0159314502842902,1.2640685497157091,6.230635080022898e-39,1.1399999999999997,ca08,0.9841004184100418,0.15589958158995787
top-4,sens_8,2.92,3.48,0.56,0.07434343434343434,0.3531313131313133,100,100,0.4307283561834552,0.6892716438165449,1.8370303494791714e-14,0.56,fr10,0.1564853556485355,0.40351464435146456
top-4,sens_9,2.92,3.36,0.43999999999999995,0.07434343434343434,0.41454545454545444,100,100,0.3017036108228639,0.578296389177136,4.156365697755829e-09,0.43999999999999995,fr04b,0.1813355685945795,0.25866443140542045
top-8,sens_1,2.92,3.6161616161616164,0.6961616161616164,0.17535353535353534,0.5246340960626674,100,99,0.5302793384081773,0.8620438939150555,4.8327857346933953e-14,0.6961616161616164,ma01b,0.672370963290091,0.023790652871525375
top-8,sens_10,2.92,3.65,0.73,0.17535353535353534,0.5126262626262627,100,100,0.5661898271787961,0.8938101728212039,2.1147378683053147e-15,0.73,fr03b,0.3317442512619181,0.3982557487380819
top-8,sens_11,2.92,3.41,0.4900000000000002,0.17535353535353534,0.4463636363636364,100,100,0.33432642048632377,0.6456735795136767,3.9949213704201e-09,0.4900000000000002,pi08,0.0969489592244083,0.39305104077559194
top-8,sens_12,2.92,3.42,0.5,0.17535353535353534,0.5692929292929292,100,100,0.3295355407244781,0.6704644592755219,3.725190289932573e-08,0.5,mm03,0.4464130119082196,0.05358698809178042
top-8,sens_13,2.92,3.4545454545454546,0.5345454545454547,0.17535353535353534,0.5769944341372912,100,99,0.3625170784414201,0.7065738306494892,6.895832412670186e-09,0.5345454545454547,mm04,0.433411214953271,0.10113423959218365
top-8,sens_14,2.92,3.696969696969697,0.7769696969696969,0.17535353535353534,0.5807050092764379,100,99,0.6045139909115249,0.9494254030278688,1.5549203324128859e-15,0.7769696969696969,mm05,0.4825462012320328,0.2944234957376641
top-8,sens_2,2.92,3.43,0.5100000000000002,0.17535353535353534,0.3687878787878787,100,100,0.36441915037632455,0.6555808496236759,8.393241063060301e-11,0.5100000000000002,ma02,0.147450110864745,0.3625498891352552
top-8,sens_3,2.92,3.41,0.4900000000000002,0.17535353535353534,0.4463636363636364,100,100,0.33432642048632377,0.6456735795136767,3.9949213704201e-09,0.4900000000000002,ma03,0.1893392559689061,0.3006607440310941
top-8,sens_4,2.92,3.282828282828283,0.36282828282828294,0.17535353535353534,0.7355184498041641,100,99,0.17339314375189424,0.5522634219046716,0.000225082576354356,0.36282828282828294,ma04,0.0727524204702628,0.29007586235802013
top-8,sens_5,2.92,3.13,0.20999999999999996,0.17535353535353534,0.6192929292929291,100,100,0.03387054744156465,0.3861294525584353,0.019770441550239874,0.20999999999999996,mp02,0.3583541840422574,-0.14835418404225742
top-8,sens_6,2.92,3.783505154639175,0.8635051546391752,0.17535353535353534,0.6713917525773194,100,97,0.6793841927564139,1.0476261165219365,2.74330842002411e-16,0.8635051546391752,ca13,0.1095813430738971,0.7539238115652781
top-8,sens_7,2.92,4.09,1.17,0.17535353535353534,0.30494949494949486,100,100,1.0332702913886498,1.30672970861135,2.817464978179354e-39,1.17,ca08,0.9841004184100418,0.18589958158995812
top-8,sens_8,2.92,3.6122448979591835,0.6922448979591835,0.17535353535353534,0.4460340837365873,100,98,0.5354493882518667,0.8490404076665004,3.153460330030589e-15,0.6922448979591835,fr10,0.1564853556485355,0.535759542310648
top-8,sens_9,2.92,3.37,0.4500000000000002,0.17535353535353534,0.47787878787878796,100,100,0.2904055699107655,0.6095944300892349,1.0420970843910186e-07,0.4500000000000002,fr04b,0.1813355685945795,0.2686644314054207
